idA,idB,class
0,1,0
2,3,0
4,5,0
6,7,0
8,9,1
10,11,0
10,12,0
13,14,1
15,16,1
17,18,0
19,20,0
21,22,0
23,24,1
25,26,0
27,28,1
29,24,1
30,31,0
32,26,0
33,34,1
35,36,1
37,38,0
39,22,1
40,41,1
42,43,0
44,45,0
46,20,0
47,22,0
48,44,1
49,50,1
51,52,0
8,53,0
54,55,1
56,57,0
58,59,1
60,61,0
62,63,0
64,65,0
66,67,1
68,69,0
70,71,1
72,73,0
74,75,1
76,77,1
78,79,0
41,80,0
81,24,1
82,83,0
60,84,0
85,18,0
86,87,0
88,89,0
80,90,1
80,91,1
45,92,1
40,93,0
94,91,0
30,41,0
95,96,0
97,29,1
98,99,0
84,100,0
101,102,0
103,104,0
26,13,1
105,32,1
43,106,1
107,108,0
55,15,0
56,109,0
73,110,0
111,112,1
69,113,1
114,115,1
9,116,1
117,60,1
118,119,0
120,121,0
122,123,1
43,26,1
124,125,1
126,127,1
55,91,0
77,128,1
129,130,0
131,67,1
132,133,0
11,134,0
135,136,1
137,138,0
139,35,0
140,60,1
54,141,0
142,59,1
143,144,0
145,83,1
146,147,0
148,149,1
150,3,0
61,109,0
151,145,1
152,153,1
16,54,1
154,155,1
156,108,0
70,57,1
157,158,1
128,159,1
107,160,1
161,162,1
163,164,0
47,35,0
157,107,0
122,15,0
6,165,0
153,70,0
55,166,0
167,168,1
169,43,0
83,36,1
48,170,1
112,170,1
171,118,1
29,172,1
173,6,1
174,58,0
117,70,1
8,116,1
175,176,0
177,178,1
40,152,0
142,179,1
180,102,0
94,63,0
181,67,0
182,82,0
183,156,1
184,139,1
161,185,1
95,29,1
186,187,0
86,89,0
45,94,1
84,40,1
6,61,0
88,66,0
173,2,0
112,157,0
188,138,1
73,189,1
190,191,1
192,193,0
73,187,1
194,30,1
195,150,1
122,133,0
92,151,0
196,197,0
198,199,0
112,17,0
151,200,0
201,179,1
194,202,1
203,41,1
74,17,1
204,202,1
81,72,1
88,205,1
206,105,0
80,207,1
20,66,1
58,208,0
209,210,1
211,180,0
25,212,0
93,213,0
103,77,0
214,215,1
171,117,1
156,187,0
10,212,0
216,217,1
218,219,0
51,86,1
220,42,0
60,29,1
42,52,0
35,126,1
221,222,0
223,213,1
128,97,1
195,98,0
26,224,0
12,36,0
205,32,0
161,225,1
110,90,1
226,227,1
228,229,1
110,70,1
179,230,1
57,72,1
186,53,0
204,127,0
84,58,0
156,17,0
156,231,0
96,232,1
213,133,1
170,97,0
233,118,1
93,223,1
234,90,0
17,73,1
50,121,0
195,235,0
230,52,1
236,237,0
33,223,1
238,239,0
221,202,1
18,240,1
241,43,0
201,69,0
181,235,0
2,74,0
179,91,0
32,73,1
54,20,1
242,243,0
97,244,1
245,246,1
201,105,0
30,96,0
34,184,0
55,87,1
2,98,0
8,202,1
19,14,0
181,223,0
242,57,0
55,7,1
194,170,1
247,248,1
249,250,1
32,152,1
47,93,0
39,251,1
235,134,1
41,98,1
252,253,1
166,29,1
58,50,1
52,220,1
98,103,1
41,254,1
223,207,0
255,256,0
257,258,0
170,94,0
256,11,0
132,159,0
236,259,0
8,154,1
96,145,1
155,82,0
246,16,0
31,179,0
260,71,1
217,34,1
114,234,1
202,261,1
212,217,1
262,263,0
138,240,1
43,103,1
29,55,1
100,137,0
169,11,0
8,18,0
221,138,1
10,61,0
42,264,0
18,24,1
58,143,0
246,23,0
255,134,0
49,243,0
7,42,1
182,69,0
161,169,1
2,86,1
128,230,1
132,203,0
265,266,0
84,102,0
267,268,1
151,155,1
251,123,1
261,69,0
113,95,0
170,251,0
187,39,1
69,115,1
269,127,0
247,270,1
67,271,0
19,229,0
272,205,1
50,224,1
170,62,0
216,42,1
66,202,1
273,274,1
228,43,0
1,104,1
45,0,0
237,133,0
186,275,0
217,231,0
103,276,0
277,47,1
171,230,1
68,93,0
63,116,1
127,145,1
30,237,0
87,16,0
278,279,0
40,19,1
170,26,0
75,280,1
134,235,0
143,172,1
187,150,1
281,282,1
182,242,1
68,26,0
194,280,0
41,22,1
84,247,0
18,21,1
254,217,1
283,284,1
156,183,1
55,24,1
20,128,1
280,131,1
105,9,1
128,55,0
89,93,1
123,3,0
285,157,1
254,286,1
101,270,1
261,105,0
261,92,0
287,23,0
101,261,1
16,170,1
253,288,0
217,13,0
289,290,1
151,217,1
172,217,0
73,67,1
82,291,1
292,293,1
294,295,0
181,107,0
256,48,1
46,93,0
26,131,1
296,85,1
119,223,1
297,298,0
200,54,0
299,215,1
36,70,1
174,21,1
247,243,1
115,29,1
236,83,0
204,200,1
31,153,1
300,34,0
237,137,0
32,29,1
127,243,0
182,181,1
301,302,0
195,303,0
206,229,1
24,248,1
304,305,0
110,174,1
156,123,0
67,17,0
236,237,0
306,50,1
280,89,0
217,16,0
114,120,1
307,215,0
248,280,0
308,309,1
152,255,0
310,311,0
2,122,1
25,0,1
312,313,1
255,202,1
212,205,1
314,315,1
114,89,1
174,156,1
275,259,0
271,68,1
251,99,1
12,0,1
128,36,1
307,137,0
34,94,1
316,317,1
296,318,1
0,71,0
77,173,1
22,29,0
319,320,0
321,233,0
165,141,0
90,195,0
224,216,0
322,138,0
173,172,1
3,99,1
53,111,0
183,123,1
67,261,1
106,222,0
287,84,1
76,203,1
260,323,0
159,229,1
9,155,1
87,234,1
54,39,1
44,159,0
185,245,0
154,306,0
154,222,0
324,325,1
123,232,0
0,323,0
47,84,1
189,165,0
264,36,0
204,95,0
101,241,1
48,3,0
20,270,1
187,171,0
206,165,0
93,270,1
276,264,1
109,232,1
230,274,1
326,327,0
207,60,0
156,88,0
235,244,1
243,128,0
97,45,1
51,69,0
182,318,0
158,105,0
303,40,0
190,22,1
20,150,1
9,51,0
23,126,0
31,20,0
285,264,1
105,270,1
235,95,0
53,172,1
131,285,1
43,143,1
77,58,1
93,231,0
112,307,1
328,3,1
228,243,0
247,1,1
212,49,1
11,84,1
47,307,1
67,133,0
200,273,0
292,121,0
170,159,0
82,321,1
206,72,0
120,228,0
273,116,1
99,43,0
144,156,1
246,143,0
85,224,1
244,184,0
121,41,1
231,200,1
240,161,0
255,9,0
329,330,0
271,251,1
321,127,0
131,202,1
127,205,1
60,213,0
51,180,1
260,205,1
95,88,1
253,191,0
40,277,0
151,306,0
165,73,1
41,92,1
108,194,1
331,256,0
332,333,1
10,224,0
201,19,1
237,183,0
106,161,0
21,234,1
334,335,1
216,273,0
120,104,0
242,204,0
46,217,1
171,165,1
132,171,0
61,141,1
127,233,0
39,306,1
241,229,0
236,16,0
321,131,0
182,133,0
336,337,1
113,285,1
243,230,1
318,328,0
323,132,1
111,152,1
323,186,1
144,16,1
54,132,1
338,339,1
213,159,1
240,62,1
264,115,0
340,341,1
272,275,1
205,51,1
34,117,0
49,208,1
127,75,0
113,46,0
189,161,0
26,142,0
92,94,1
342,343,0
344,345,1
195,233,0
61,81,1
91,36,1
98,113,1
274,169,0
208,53,1
33,45,0
241,211,1
259,95,1
60,331,1
48,142,0
52,246,1
93,204,1
49,212,0
306,188,0
274,15,0
259,29,1
246,187,0
47,255,1
247,13,1
153,72,0
94,240,0
110,186,1
62,235,0
86,300,1
85,206,0
18,221,1
287,255,0
9,128,0
32,171,1
211,98,0
291,200,1
261,229,0
166,241,1
346,347,0
348,349,1
32,245,0
331,41,0
16,71,0
173,152,1
350,351,1
113,208,1
240,42,1
234,104,1
115,12,1
269,53,1
119,260,1
134,352,1
217,331,0
138,184,0
353,354,0
355,356,1
62,87,1
323,141,0
201,6,1
357,54,0
245,142,0
247,10,1
91,59,1
211,58,0
153,39,0
154,103,1
134,173,0
110,108,1
46,190,1
180,31,1
234,69,0
236,107,0
318,77,0
96,211,1
67,156,1
99,221,0
46,248,1
44,106,1
194,66,0
33,53,0
138,166,0
200,46,0
92,307,1
80,73,1
328,358,0
15,359,1
360,361,0
186,159,1
48,74,0
74,39,0
362,268,1
213,94,1
112,9,0
144,229,1
118,50,1
133,251,1
7,69,0
363,364,1
126,161,1
235,134,0
95,9,1
169,108,0
46,40,1
83,173,1
35,208,1
72,259,1
59,233,0
50,143,0
20,256,1
331,61,0
22,53,0
204,203,0
307,25,0
365,366,0
62,291,0
56,203,0
271,46,1
6,43,0
105,303,1
138,307,0
128,45,1
46,107,0
203,139,0
118,74,0
94,103,1
67,159,0
358,367,1
280,88,1
132,174,0
228,3,0
15,108,0
44,156,1
11,45,1
368,369,1
370,371,0
372,373,1
121,165,1
10,145,0
72,19,1
374,375,0
109,269,0
220,14,0
224,29,0
76,19,1
23,14,1
190,273,1
376,377,1
14,48,0
277,157,0
138,174,0
378,379,0
380,165,0
26,205,1
128,381,1
197,382,0
357,100,0
101,181,1
54,212,0
383,191,1
235,39,0
158,234,1
181,25,0
72,180,1
384,362,0
264,241,1
204,127,0
385,386,1
318,91,0
169,39,0
387,388,0
17,7,1
154,233,0
2,188,1
105,2,1
104,359,0
82,182,1
296,42,1
277,357,1
86,102,0
8,200,1
95,105,1
222,45,0
274,272,0
48,247,0
389,390,1
100,256,0
391,392,0
212,189,1
60,318,1
393,394,1
140,150,1
153,43,0
52,46,0
81,8,0
321,231,0
30,212,0
69,43,0
275,256,0
170,234,0
84,182,1
292,221,0
47,9,0
94,173,0
395,396,0
397,398,0
100,256,1
229,251,0
242,215,1
17,166,0
399,400,0
207,242,1
263,190,0
24,287,1
100,145,1
49,1,1
273,235,0
401,191,1
134,0,1
0,246,0
402,403,1
123,240,0
285,144,0
404,405,0
71,165,0
179,256,0
264,357,0
256,15,0
7,139,1
275,169,1
406,407,1
126,0,1
408,242,1
116,380,0
255,108,0
189,194,0
50,181,1
174,76,0
216,99,1
269,306,1
118,208,0
101,273,1
173,91,1
244,280,0
184,187,0
235,127,0
98,15,1
260,17,0
14,271,0
202,162,1
357,52,0
272,231,0
321,68,1
240,26,0
200,223,0
114,229,1
409,281,0
99,276,1
241,318,0
410,214,0
112,323,0
116,95,0
140,0,1
39,116,1
411,412,0
201,187,1
380,321,1
16,60,1
208,243,1
113,13,1
85,134,0
413,414,0
26,20,0
96,80,1
56,26,0
224,208,0
415,416,1
58,22,1
55,21,1
155,120,0
328,417,0
208,105,0
241,90,0
59,35,1
272,150,1
216,200,1
418,419,1
182,94,1
142,112,1
151,277,1
92,180,0
194,0,1
31,357,1
100,29,0
216,155,1
0,132,0
144,109,1
247,29,1
420,421,0
254,190,1
22,331,0
59,139,1
171,280,1
59,144,0
206,138,1
183,45,0
142,277,1
251,259,1
173,303,1
143,166,1
43,232,1
263,262,0
23,166,1
273,217,1
220,264,0
172,71,0
223,144,1
159,77,0
37,422,0
80,98,0
15,33,1
126,67,1
170,207,0
233,292,0
423,144,0
270,276,0
1,380,0
220,96,0
321,203,0
215,220,1
424,425,0
43,195,1
426,427,0
254,232,1
105,352,1
165,126,1
91,62,1
89,212,0
183,116,1
88,287,1
428,429,1
67,186,0
111,244,1
241,83,0
430,431,1
17,165,1
29,215,1
140,184,0
174,140,0
114,0,1
55,321,1
51,259,0
37,432,1
34,57,0
118,240,1
256,275,1
161,17,1
318,259,0
205,292,0
188,7,1
102,110,0
96,157,0
234,134,0
143,237,1
182,6,1
254,93,0
242,31,1
190,138,0
251,143,0
133,296,1
7,55,1
119,174,1
433,434,1
231,42,1
55,187,0
100,359,0
435,436,0
83,95,0
46,233,1
97,17,0
145,134,0
306,56,1
205,269,0
287,107,0
156,83,0
245,100,1
155,104,0
113,157,0
45,260,1
104,111,0
208,70,1
217,39,0
275,201,1
241,296,0
172,287,1
93,307,1
276,186,0
68,380,0
437,385,1
94,255,0
206,261,1
74,230,0
183,42,1
287,132,0
132,105,1
150,72,0
438,439,1
188,57,1
108,260,1
328,127,1
440,441,0
24,256,0
74,96,1
6,47,0
292,10,1
62,174,1
94,285,0
112,60,1
73,123,1
104,121,0
15,0,1
18,84,1
25,106,1
127,48,1
18,162,1
85,51,1
442,443,1
108,8,0
68,80,0
202,111,0
101,113,1
23,165,1
10,23,0
111,131,1
185,204,0
81,89,1
116,110,0
211,62,0
38,37,1
187,222,0
161,89,1
31,171,0
205,88,0
113,13,1
251,318,1
359,110,0
248,229,1
285,45,1
444,445,1
8,62,1
446,447,0
42,151,0
256,2,0
448,449,0
212,21,1
63,71,1
7,94,1
450,451,0
119,73,1
70,18,1
23,161,1
7,245,0
184,222,1
273,323,0
230,291,0
48,203,0
221,70,0
169,144,0
18,248,1
328,138,1
452,453,1
296,61,0
110,186,1
246,133,0
255,270,1
244,152,0
120,211,1
215,43,0
113,307,1
75,77,0
331,63,0
141,188,0
392,454,1
259,126,0
455,382,0
169,230,0
456,457,1
331,172,1
63,6,1
169,108,0
213,254,0
458,459,0
460,461,0
184,107,1
15,271,1
462,463,0
171,82,1
14,13,0
22,139,0
217,264,0
142,45,1
8,17,0
150,201,0
287,2,0
184,132,1
1,20,0
110,180,1
92,242,0
152,248,1
69,181,1
13,256,0
57,127,0
464,465,1
1,15,0
215,138,1
123,161,0
17,280,1
107,154,0
220,101,0
107,260,1
81,21,1
70,8,1
45,67,0
275,280,0
316,281,1
40,123,1
67,45,0
157,82,0
55,172,1
111,49,1
58,287,1
8,159,1
331,292,0
466,467,0
422,37,1
93,95,1
75,285,0
159,119,0
52,97,0
29,116,1
97,49,0
69,107,0
106,66,0
261,237,0
161,318,1
331,2,0
29,158,1
112,380,0
132,165,0
144,255,1
323,221,1
285,213,0
33,16,1
292,109,0
170,211,1
468,469,1
380,54,1
447,281,0
118,276,0
34,207,0
251,166,0
311,470,0
61,113,1
33,156,1
105,292,1
165,0,1
229,352,1
42,62,0
292,158,0
118,88,1
260,113,0
202,162,1
6,261,0
120,2,0
46,77,1
1,41,1
166,247,0
115,50,1
85,162,1
104,35,0
152,89,0
166,318,1
72,155,1
151,122,1
172,184,0
60,7,0
261,53,0
137,254,1
471,472,1
234,201,1
123,45,0
241,132,0
241,120,0
321,67,1
473,474,0
170,128,0
107,204,1
475,476,1
8,156,1
116,359,0
32,123,1
24,331,1
477,478,1
216,47,0
267,479,1
244,128,0
116,113,0
118,134,0
122,68,1
120,212,0
242,132,0
292,49,0
66,67,1
161,71,1
159,220,0
254,71,1
69,103,1
99,52,1
480,146,1
49,170,1
84,11,0
481,482,0
142,98,0
138,190,0
408,97,0
211,0,0
285,229,1
42,247,0
52,202,1
184,245,0
237,181,1
49,220,1
32,19,1
159,51,0
67,18,0
53,40,1
287,126,0
117,1,1
48,131,1
303,223,0
285,51,1
1,89,0
66,172,1
108,234,1
483,484,1
276,190,0
291,15,0
47,221,1
202,307,1
216,169,1
212,74,1
45,52,0
40,118,1
292,114,1
243,68,1
485,486,1
242,87,1
487,488,1
83,3,1
15,11,1
24,161,0
489,490,0
162,1,0
9,380,1
491,492,0
118,122,1
67,60,0
235,101,1
328,228,1
280,59,1
39,189,1
174,201,1
128,53,0
45,154,1
493,494,1
145,23,1
97,255,1
67,117,0
495,496,0
280,380,0
497,498,0
34,26,0
231,323,0
251,203,1
141,19,1
117,203,1
100,91,0
47,21,1
86,42,1
54,189,1
119,74,1
352,323,0
127,114,1
100,16,0
248,247,0
141,331,1
138,303,0
233,68,1
236,26,0
121,185,1
179,162,1
29,213,1
201,81,0
380,114,1
59,202,0
259,157,1
273,156,1
155,296,0
234,55,1
316,330,0
380,30,1
137,182,1
180,242,0
56,82,0
90,111,0
261,269,0
112,280,0
61,205,1
114,292,1
499,111,0
186,247,1
24,30,1
170,224,0
70,296,1
500,501,1
127,217,1
46,94,1
207,254,0
502,503,0
504,505,0
256,102,0
9,85,0
142,185,1
220,101,0
94,8,0
241,59,0
113,48,0
191,288,0
408,72,0
40,234,1
506,507,0
139,408,0
508,509,1
25,29,1
165,69,0
39,80,0
408,20,1
211,189,0
182,93,0
510,511,1
104,157,0
254,138,1
49,235,0
59,49,0
156,179,0
73,213,0
187,126,0
246,121,0
56,57,0
259,88,1
170,52,0
40,23,0
7,39,0
189,108,0
33,21,1
140,204,1
38,196,1
127,50,1
500,512,1
244,76,0
513,387,0
108,232,1
96,408,0
321,9,0
2,22,0
231,2,1
231,306,1
197,328,0
254,77,0
333,332,0
331,72,0
323,103,1
55,80,0
174,156,1
115,173,0
1,173,0
417,196,1
276,100,0
92,21,0
266,514,0
240,276,0
47,139,1
88,8,1
102,49,1
35,259,1
203,231,0
221,70,1
71,61,0
179,201,1
73,269,0
285,255,1
321,159,1
98,206,1
515,516,1
57,230,1
187,237,1
1,40,1
173,207,1
287,53,0
517,518,1
232,49,1
519,38,0
44,81,0
7,331,1
26,159,1
225,520,0
214,94,1
134,32,0
92,256,0
151,89,0
521,522,1
255,213,0
110,25,0
6,138,0
63,142,0
254,185,1
206,270,1
240,187,0
172,22,0
142,273,1
180,133,0
323,47,1
271,235,1
103,303,1
523,524,1
285,96,0
221,251,0
123,102,0
21,14,0
87,215,1
3,113,1
34,190,0
61,213,1
213,274,1
77,303,1
92,59,0
26,35,0
201,211,1
165,72,1
6,90,0
525,526,0
527,528,1
269,236,1
44,261,1
96,103,1
84,251,0
151,81,0
110,116,1
270,102,0
112,123,1
10,202,0
21,248,1
12,207,1
48,91,0
306,22,1
222,48,1
296,57,0
99,62,0
180,55,0
66,20,1
156,241,1
529,530,1
89,77,0
169,204,0
15,234,1
531,500,0
272,43,0
201,92,1
254,187,1
30,270,0
57,6,1
46,213,0
264,251,0
272,52,1
273,2,0
229,139,0
51,323,0
152,63,0
69,99,1
18,237,1
90,139,1
183,190,0
532,333,1
223,40,1
36,31,1
70,222,0
244,248,0
217,247,0
163,289,0
186,116,1
99,91,0
133,97,1
264,82,0
296,69,0
264,270,0
19,241,0
10,74,1
76,113,1
46,74,0
49,307,1
12,255,1
85,169,1
162,32,0
89,243,1
254,12,0
401,217,1
533,534,1
476,535,1
536,537,1
18,59,1
538,539,1
16,190,1
417,282,1
217,228,0
122,188,0
54,93,0
274,67,0
83,10,1
115,109,1
153,180,1
540,541,0
80,25,1
307,207,0
273,143,0
213,58,1
12,81,0
271,32,0
69,194,1
105,273,1
208,107,0
542,463,1
120,185,1
3,234,1
59,24,0
32,221,1
271,40,1
83,185,1
270,54,0
105,224,1
116,20,0
234,140,0
118,20,0
134,236,1
296,195,0
23,40,1
145,162,0
233,318,1
26,75,0
543,544,1
545,546,1
6,57,0
3,33,0
547,548,1
189,292,0
256,120,1
179,260,0
33,134,1
269,208,0
549,550,0
58,127,0
137,32,1
275,109,0
88,235,0
80,321,1
271,246,1
206,211,1
231,58,1
551,292,0
318,229,1
95,120,1
51,41,0
552,553,1
201,223,0
276,248,1
408,269,0
191,554,1
44,94,1
174,187,0
303,150,1
173,331,1
95,71,1
174,141,0
200,172,1
82,292,1
138,84,0
233,43,0
264,51,0
45,275,0
81,68,1
555,556,1
26,357,1
202,98,0
190,216,0
202,230,1
292,50,1
156,42,1
236,187,0
359,277,0
46,58,0
40,211,1
251,113,0
50,59,1
99,237,1
179,90,1
59,20,0
57,205,1
222,111,0
72,318,1
105,153,1
101,41,0
408,84,1
187,221,0
264,303,0
8,321,0
264,0,0
557,196,1
10,172,1
558,559,0
183,89,0
255,116,1
224,280,0
50,20,0
22,359,1
42,61,0
117,276,1
321,107,0
158,95,1
91,74,0
34,255,0
274,203,0
195,96,0
102,200,1
251,97,0
76,54,1
157,74,1
221,126,1
137,105,1
116,328,0
255,9,1
121,237,1
318,7,0
121,157,1
34,261,1
162,90,0
105,26,1
56,277,0
248,244,1
116,186,0
208,243,1
119,285,1
270,143,0
40,231,0
69,207,1
59,234,1
158,232,1
560,561,0
46,44,1
53,137,0
75,242,1
11,153,1
562,563,0
161,12,0
32,117,0
91,119,1
55,280,0
564,565,1
52,230,1
19,48,0
203,123,1
137,110,0
109,87,1
170,212,0
566,567,0
57,0,1
145,141,0
212,11,1
274,14,0
405,568,0
233,207,1
277,328,0
53,222,1
208,103,1
48,2,0
117,19,1
212,128,1
290,569,0
111,118,1
118,77,0
204,108,0
200,237,0
318,8,0
570,571,1
70,6,1
113,63,1
21,234,1
331,179,1
150,43,0
223,137,0
572,573,0
189,233,0
263,300,1
275,57,1
321,56,1
574,575,0
59,156,1
243,92,1
126,140,1
213,7,0
269,101,0
486,576,1
123,92,0
358,422,0
107,15,1
56,157,0
40,116,1
111,408,1
174,577,0
69,270,1
41,132,1
31,200,1
81,174,1
151,97,1
578,326,0
187,121,1
579,580,0
77,157,1
32,275,1
152,102,0
581,582,0
173,88,1
81,51,1
25,287,1
128,203,0
63,190,1
200,235,0
231,221,1
62,143,0
67,140,0
251,54,0
139,36,0
184,41,1
90,77,0
156,287,0
212,285,0
72,0,1
115,165,1
191,262,1
74,179,0
24,139,0
100,18,0
157,118,1
43,83,0
303,53,0
221,1,1
408,40,1
91,256,1
583,584,1
234,134,0
577,585,1
169,80,0
586,587,1
111,382,0
255,12,0
187,256,1
105,246,1
215,263,0
380,229,1
212,101,0
54,128,1
172,323,0
114,17,1
89,155,1
99,270,0
3,25,1
93,85,1
97,133,0
204,195,0
318,102,0
19,231,0
588,589,0
158,194,0
285,99,1
45,3,1
144,244,1
156,128,0
50,170,1
260,34,1
216,114,0
118,275,1
26,188,0
590,591,1
8,188,0
592,593,1
106,105,0
206,155,1
145,95,0
59,272,0
594,595,1
204,20,0
596,597,1
208,195,1
52,61,0
69,128,0
187,155,1
212,359,1
51,202,1
229,201,0
139,59,0
132,188,0
94,287,1
220,212,0
306,171,0
63,9,1
142,328,1
132,229,1
153,82,0
166,19,1
182,269,0
598,599,1
123,2,0
285,323,0
600,601,1
602,603,1
237,331,1
44,17,0
251,255,1
229,62,0
604,292,0
152,137,0
120,306,0
276,270,0
228,152,0
352,107,0
128,220,1
101,31,1
2,174,1
11,56,1
2,170,1
103,101,0
112,141,0
50,158,0
154,255,0
318,45,0
605,606,0
607,608,0
609,610,1
74,169,1
298,128,0
611,612,1
613,439,0
29,49,0
99,181,1
165,245,1
272,115,0
412,614,1
159,53,0
211,169,0
154,318,1
615,616,0
617,478,1
142,123,1
235,87,1
55,123,1
14,182,0
61,10,1
618,384,1
251,113,1
23,61,1
408,254,1
33,260,1
306,139,1
401,263,0
36,303,0
71,100,1
619,620,1
123,43,0
306,272,1
331,90,0
242,105,0
291,120,1
77,188,0
83,94,1
264,323,0
408,234,1
30,306,0
621,622,0
623,239,0
273,15,0
255,307,1
359,139,0
207,58,0
624,625,1
161,287,1
81,215,1
91,15,1
186,240,0
97,275,1
323,224,1
127,190,1
22,120,1
187,21,1
89,242,1
291,94,1
89,189,1
247,119,0
352,255,1
206,94,1
24,230,0
211,63,0
29,159,0
8,202,1
72,223,0
99,188,0
51,144,0
144,102,0
271,90,0
115,153,1
34,401,1
171,6,1
95,11,0
274,223,0
67,232,1
95,230,1
51,19,1
200,321,0
109,0,1
93,223,1
57,39,0
190,60,1
307,156,0
165,187,0
55,108,0
190,115,0
2,190,1
161,145,1
69,188,1
626,627,1
23,16,0
106,112,0
161,92,1
628,281,0
56,111,0
23,62,1
97,140,1
179,98,0
206,132,1
36,123,1
259,272,0
629,630,0
97,273,1
631,632,0
173,11,1
271,139,1
62,275,0
99,6,1
139,19,0
633,634,0
635,522,0
331,228,1
604,636,1
259,174,1
158,240,1
33,140,1
22,99,1
637,215,1
16,318,1
46,108,1
171,154,1
145,240,1
81,23,1
91,233,0
158,122,1
638,639,1
204,169,1
640,565,0
359,184,0
296,12,0
237,81,0
159,307,0
234,68,1
137,328,0
181,40,0
216,114,0
72,96,0
41,50,0
106,323,0
57,264,1
127,184,0
103,274,1
49,161,1
151,248,0
248,31,0
641,642,1
82,39,0
179,237,1
89,118,1
253,643,1
169,34,1
644,502,1
23,213,0
645,646,1
91,222,0
203,73,0
647,648,0
3,207,1
285,142,0
224,90,0
102,161,1
216,9,0
30,69,0
105,62,1
33,166,0
99,234,1
292,208,0
66,156,1
242,128,0
264,307,0
108,110,0
142,113,1
60,18,0
235,380,0
91,277,1
134,204,1
43,123,1
216,33,0
276,172,1
105,51,1
46,9,1
100,328,0
138,107,0
138,205,1
232,42,1
223,126,0
649,650,1
280,140,1
94,122,1
651,652,1
158,152,1
80,120,1
205,380,0
139,180,0
331,296,0
33,23,0
62,24,1
163,417,0
292,66,1
653,654,1
224,19,1
36,408,1
255,7,0
58,231,1
83,81,0
110,140,1
205,172,1
255,111,0
261,352,0
291,205,1
655,656,1
357,69,0
17,174,1
77,184,0
205,280,0
280,248,1
246,99,0
269,35,0
19,117,0
108,150,1
235,408,1
359,45,0
183,271,0
141,212,0
12,26,1
657,517,0
182,234,1
49,223,1
259,144,0
186,271,0
287,140,0
45,36,0
658,659,1
115,275,1
260,14,0
356,660,1
661,662,0
19,41,0
51,162,1
663,664,1
307,143,0
359,96,0
102,59,1
222,161,1
665,666,1
134,86,1
247,15,1
248,307,0
622,667,1
408,235,0
12,159,1
75,91,0
157,51,1
41,7,1
68,208,0
56,254,0
42,126,0
76,116,1
122,169,1
212,118,1
264,67,1
37,111,1
16,100,1
20,75,0
234,1,0
35,23,1
118,180,1
200,86,1
380,84,1
42,273,0
668,669,1
285,173,1
96,11,0
73,161,1
207,11,0
106,128,0
276,113,0
25,331,1
670,671,0
672,673,0
306,291,1
71,59,0
25,66,1
261,2,0
255,223,0
8,352,0
34,253,1
102,10,1
71,52,1
3,101,0
241,41,0
259,126,0
674,675,0
236,306,0
40,46,1
55,74,0
232,95,1
242,55,1
185,57,0
277,142,0
274,217,1
127,151,1
274,215,0
73,271,0
69,59,1
32,17,1
19,96,0
102,121,0
68,205,1
61,240,1
134,81,1
463,107,0
75,229,1
321,230,1
261,328,0
275,11,1
274,132,0
676,677,1
97,20,1
47,204,1
220,221,0
678,679,0
166,96,1
63,155,1
259,180,0
232,152,0
80,237,1
232,60,0
53,206,1
114,205,1
680,681,0
87,154,0
45,75,1
236,48,0
32,276,1
84,105,0
74,237,0
455,163,0
40,15,0
255,245,1
84,306,0
11,34,1
244,264,1
70,131,1
85,134,0
33,303,1
291,108,0
41,232,1
352,251,0
107,75,1
269,152,1
132,114,0
291,187,0
83,202,1
25,194,1
328,92,1
21,140,0
2,162,0
256,222,0
107,36,0
128,31,1
92,159,1
159,31,1
140,237,1
58,105,0
30,200,0
277,53,0
35,217,1
215,43,0
328,14,1
288,682,0
80,296,0
247,33,1
269,208,1
49,179,0
20,247,1
145,73,0
275,2,1
248,107,0
683,684,0
188,179,1
18,97,1
331,35,0
685,686,1
259,117,1
34,321,0
467,288,1
131,99,1
307,269,0
195,81,0
32,122,0
139,41,0
89,256,1
687,688,0
260,24,0
331,166,0
62,30,0
74,105,0
357,54,0
106,33,0
61,275,1
261,45,0
53,145,1
323,70,0
43,190,1
212,274,1
97,211,1
92,272,0
271,261,1
380,222,0
165,8,1
172,101,0
61,44,1
255,323,0
234,34,0
203,36,0
127,380,1
216,92,1
292,74,0
59,306,0
141,213,0
481,689,1
53,1,1
127,202,1
180,21,1
170,245,0
23,157,1
71,291,0
142,161,1
190,11,0
220,208,0
690,691,1
205,97,0
41,244,1
194,352,1
200,145,0
215,97,0
189,200,0
66,244,1
184,159,1
173,32,1
241,89,0
25,105,1
582,692,1
68,194,0
264,84,1
242,318,1
159,224,1
7,222,0
9,14,1
273,82,0
519,447,0
15,57,1
143,229,1
408,55,1
93,85,1
25,137,1
236,224,0
693,694,1
242,43,0
26,180,1
174,131,0
33,216,0
201,32,0
58,63,1
7,105,0
42,231,0
141,67,1
200,221,0
141,143,1
274,318,1
50,229,1
6,352,0
106,12,0
695,696,0
296,103,1
697,698,1
235,110,0
140,204,0
104,16,0
139,186,0
17,113,0
277,46,1
61,1,1
359,174,0
292,307,1
357,187,0
112,233,0
170,106,1
220,261,1
102,172,1
52,36,1
21,152,0
184,98,1
114,126,1
224,12,0
236,261,1
115,132,0
194,224,1
155,277,0
155,62,0
181,47,0
30,206,0
21,280,0
699,700,0
17,60,1
3,190,1
187,159,1
45,275,1
105,195,1
408,306,0
277,50,0
151,105,0
57,141,0
232,88,0
94,74,0
120,105,0
53,63,1
140,72,0
275,183,1
91,67,1
85,273,1
234,63,0
45,62,1
47,20,0
229,105,0
14,127,0
142,122,1
275,88,0
62,207,0
240,123,1
10,126,1
701,367,1
89,205,1
96,22,0
113,24,1
233,188,0
190,182,0
57,653,1
701,266,0
75,139,1
99,247,0
182,2,0
195,380,0
702,419,0
6,170,0
253,522,0
703,573,0
43,91,1
274,212,0
0,174,0
704,705,0
18,190,1
202,184,0
115,89,1
706,707,0
217,96,0
91,2,1
170,235,0
63,270,1
264,155,0
352,118,1
86,42,1
235,34,1
102,328,0
90,119,0
0,93,0
134,128,0
128,224,1
270,116,1
23,16,0
357,45,0
56,162,0
122,303,0
272,186,0
708,709,1
72,92,1
46,306,0
111,432,0
62,32,0
190,105,0
710,711,1
201,35,0
105,359,1
88,41,0
232,36,0
712,713,1
212,69,1
119,200,1
171,224,1
229,132,0
184,318,1
116,17,0
285,118,1
133,6,1
207,236,1
195,29,1
48,276,1
277,106,1
194,118,1
80,116,1
328,117,0
275,138,1
228,48,0
67,43,0
276,59,0
88,174,0
126,242,1
207,82,0
321,46,0
186,152,1
714,715,0
169,24,0
150,303,0
1,380,0
18,101,0
184,285,1
296,82,0
408,185,1
75,189,1
255,206,1
69,280,1
151,96,0
53,85,1
303,235,0
159,223,0
91,215,1
73,237,1
155,141,0
93,248,1
23,46,0
161,29,1
172,359,0
170,296,0
216,277,0
46,61,0
152,53,0
236,90,0
73,182,1
3,17,0
42,151,0
237,58,0
260,380,0
111,51,1
243,215,1
317,330,0
104,108,0
139,144,0
115,126,0
328,33,1
10,155,1
32,203,0
94,34,0
115,105,1
152,174,1
359,81,0
113,213,0
1,25,0
106,280,0
39,17,1
716,717,0
162,61,0
718,719,1
115,47,0
63,126,1
306,156,1
242,21,0
331,17,0
275,55,1
47,161,0
90,229,1
720,721,1
220,237,0
208,63,1
51,35,0
207,221,0
254,195,0
31,271,1
184,261,1
72,246,1
19,201,1
303,42,1
110,234,1
120,62,0
166,115,1
287,41,0
275,233,0
128,232,1
280,274,1
85,139,1
216,271,1
9,154,1
109,52,1
118,66,0
87,212,0
73,52,0
230,271,0
17,68,1
58,216,1
262,722,0
271,154,0
446,422,0
271,277,0
180,151,0
139,97,0
7,231,1
12,232,1
179,22,1
51,280,0
188,57,1
26,92,1
323,162,1
306,108,1
47,111,1
179,208,0
90,105,0
97,73,1
235,183,1
59,307,0
85,162,1
303,113,0
52,140,0
16,180,1
97,120,1
245,237,1
357,248,1
69,143,1
186,92,1
447,330,0
52,269,0
10,70,0
277,15,1
723,724,0
7,321,1
21,259,0
2,211,1
401,191,1
1,188,0
88,151,0
11,162,1
270,166,0
133,237,1
571,725,1
170,126,0
110,115,1
83,170,1
726,468,1
684,484,0
142,256,1
17,119,0
145,56,1
63,233,1
134,251,0
296,107,0
256,323,0
727,728,1
41,25,0
138,322,1
259,153,1
23,56,1
213,139,1
306,229,1
243,24,1
296,70,0
108,7,0
86,55,0
98,183,1
76,273,1
224,12,0
729,730,0
318,189,0
155,128,0
33,30,1
154,303,1
179,128,0
236,33,0
234,145,0
186,8,1
90,62,1
58,292,0
151,275,0
166,98,1
32,150,1
30,234,1
229,6,1
150,9,0
104,72,1
152,62,1
44,255,1
245,228,1
116,53,0
14,134,0
161,169,1
117,31,1
73,248,1
731,720,0
701,265,0
732,3,1
232,145,0
106,45,0
131,186,0
558,498,1
436,733,1
200,352,0
306,154,1
107,173,0
248,188,0
213,172,1
157,119,0
56,89,0
108,15,1
734,401,1
735,736,0
737,738,0
240,150,0
455,330,1
56,30,0
739,740,0
101,228,1
170,181,0
141,116,1
114,145,1
99,63,0
240,152,1
401,214,0
236,93,0
140,195,0
108,318,1
447,741,1
88,229,1
87,156,0
291,52,0
3,174,1
321,204,1
207,106,0
158,13,1
57,90,0
70,57,1
742,665,0
273,174,0
46,20,0
306,31,1
93,231,1
95,82,0
110,11,0
31,75,0
256,55,1
142,90,1
743,744,0
745,746,1
151,133,0
81,331,1
202,145,0
42,158,0
234,255,1
95,189,1
92,291,0
131,71,1
116,234,0
217,32,0
83,6,1
285,306,0
276,51,0
161,120,1
156,306,0
183,352,0
18,158,1
358,328,1
33,150,1
166,99,1
40,271,0
747,748,0
212,83,1
74,51,1
2,23,1
145,408,1
98,247,0
98,93,1
101,277,1
180,109,0
234,50,0
62,107,0
127,169,1
749,750,1
33,81,0
109,90,1
208,14,1
66,184,0
0,55,0
171,241,1
34,195,0
150,21,0
70,105,1
296,182,0
123,26,0
81,206,1
108,171,1
272,174,0
134,39,0
273,204,0
269,140,1
276,106,1
291,42,1
181,276,0
171,139,1
181,114,0
239,751,1
122,216,0
128,230,1
140,153,1
84,97,0
1,145,0
88,170,1
90,16,0
752,753,0
42,115,0
3,171,0
84,47,0
102,104,1
754,755,1
271,201,1
222,256,1
89,7,1
74,49,1
264,26,0
99,264,1
0,21,0
93,17,0
253,217,1
194,75,0
240,70,0
285,127,0
76,202,1
756,757,1
758,209,0
200,169,0
161,331,1
29,41,0
165,128,1
67,357,1
321,303,1
145,166,0
11,229,1
33,185,1
179,16,0
46,247,0
123,128,0
30,111,0
82,92,1
117,25,1
137,119,0
82,331,1
51,53,0
296,233,0
205,153,0
187,260,1
88,169,1
255,120,0
142,86,1
41,195,0
91,12,0
759,760,0
13,12,0
31,144,0
94,9,1
154,109,0
761,522,0
52,251,1
181,15,0
265,519,0
85,57,0
222,151,1
280,359,1
527,762,0
14,233,1
159,112,1
143,150,1
233,235,1
763,764,0
765,766,1
119,92,1
212,195,1
189,222,0
21,185,1
291,237,0
41,83,0
271,131,1
101,243,1
80,154,0
185,240,0
206,57,1
767,768,1
236,212,0
181,6,1
33,254,1
63,380,1
505,769,0
352,84,1
275,307,1
208,52,1
255,217,1
102,118,1
240,280,0
155,181,1
17,96,0
52,60,1
49,171,1
770,5,0
96,141,0
31,200,0
245,221,1
7,172,1
96,195,1
150,96,0
352,102,1
77,51,1
88,318,1
229,232,1
306,274,1
45,142,0
190,307,1
128,161,1
251,140,0
39,264,1
118,114,0
91,321,1
45,92,1
120,13,0
61,140,1
128,202,1
771,772,0
422,37,0
318,11,1
773,474,0
103,306,0
62,128,0
774,369,1
201,74,0
141,271,1
231,131,1
203,43,0
277,115,1
159,30,0
223,53,0
229,70,0
775,776,1
26,122,1
137,55,0
123,107,0
223,92,1
777,778,0
23,82,0
122,73,1
62,114,0
779,780,1
52,241,1
68,171,0
66,32,1
69,39,1
131,328,1
137,179,1
99,105,0
16,46,0
81,174,1
128,247,1
102,185,1
143,46,0
307,139,0
186,88,1
76,17,1
237,170,1
781,782,1
73,153,1
217,408,0
514,317,1
75,59,1
54,81,1
152,162,1
20,231,1
63,86,1
123,141,0
89,222,1
72,123,1
247,92,1
67,251,0
151,122,0
260,204,0
205,108,0
266,783,1
171,144,0
2,97,0
55,20,0
17,205,1
60,144,0
13,142,0
57,95,0
190,200,1
13,231,0
107,67,1
270,291,0
171,13,1
112,76,0
140,128,1
50,126,0
244,32,0
235,236,1
142,126,1
357,127,0
97,306,1
23,53,0
128,99,1
784,288,1
154,132,1
11,117,0
359,182,0
151,352,0
58,158,1
41,203,1
211,215,0
228,156,1
131,89,0
84,153,0
133,161,1
579,785,0
786,607,1
174,260,0
291,127,0
128,234,1
31,185,1
40,25,0
24,71,1
47,212,1
787,788,1
158,17,1
20,172,1
159,200,1
256,7,0
73,83,1
260,143,0
47,789,0
49,121,0
16,32,1
55,9,1
291,183,0
141,61,1
790,555,0
331,208,0
401,94,1
207,246,1
188,229,1
186,275,0
63,115,1
142,126,1
264,105,0
69,235,1
56,19,0
242,215,1
277,66,0
44,81,0
161,110,1
47,144,0
292,84,1
271,201,1
222,128,1
1,107,0
791,792,1
169,255,0
98,151,1
105,69,0
793,623,1
232,50,1
70,270,1
306,47,1
112,96,0
74,115,1
169,108,0
50,273,0
162,18,0
181,248,0
255,241,1
200,187,0
61,0,1
522,794,1
26,275,1
256,6,1
795,796,1
117,51,1
244,202,0
20,244,1
55,187,0
165,246,1
256,228,1
251,201,0
46,110,0
89,100,1
58,66,0
256,17,0
126,83,0
15,142,0
215,101,0
797,798,0
162,116,1
359,228,0
84,277,0
41,62,0
277,357,1
89,95,1
799,800,1
93,287,1
137,9,1
801,802,0
89,140,1
224,76,0
184,54,1
803,804,0
10,189,1
34,328,0
272,171,0
158,352,1
805,806,1
150,74,0
68,7,0
157,108,1
105,248,1
232,352,0
144,251,0
212,254,1
105,256,1
306,13,1
237,274,1
56,119,0
195,352,0
19,231,0
100,102,0
180,228,1
208,3,0
104,234,1
807,808,1
56,380,0
247,84,1
117,29,1
809,389,1
0,23,0
165,86,1
153,174,0
270,55,1
242,229,1
111,158,1
117,100,1
66,180,1
134,70,0
108,186,1
260,75,0
565,810,0
261,2,0
58,71,1
206,88,1
455,196,1
11,68,1
811,812,0
277,120,1
131,20,0
114,55,1
224,233,0
84,98,0
12,303,1
255,81,0
98,21,1
207,8,0
55,104,1
118,224,1
274,41,0
216,166,0
95,179,0
393,387,1
111,215,1
46,23,0
57,274,1
137,277,1
174,15,0
57,269,1
116,72,0
439,813,1
221,205,1
45,54,0
86,10,0
98,216,1
188,131,1
132,102,0
174,140,0
306,408,0
6,8,0
208,70,0
380,184,0
213,139,0
352,15,0
241,50,0
75,56,1
90,229,1
116,137,0
187,44,1
74,139,0
122,22,0
25,67,1
205,155,1
223,201,0
207,10,0
88,12,0
280,232,1
814,815,0
189,3,0
275,113,0
94,152,1
173,107,0
243,80,1
483,816,1
254,123,1
253,817,1
422,164,0
280,216,1
111,69,0
204,187,1
261,17,0
92,131,0
328,818,1
99,63,0
105,116,1
102,251,1
63,215,1
159,105,0
85,44,1
120,157,0
204,99,1
217,11,0
727,819,1
82,331,1
115,280,0
221,81,1
432,557,0
15,264,0
29,14,0
820,821,0
10,82,0
8,86,1
98,36,1
101,169,0
109,13,1
42,97,0
222,183,1
701,446,1
273,140,0
822,823,1
824,683,0
277,92,1
825,826,0
14,241,1
522,827,0
783,828,0
31,161,0
42,212,0
89,307,1
80,45,1
94,200,1
829,830,0
21,195,0
236,87,1
230,50,1
122,2,1
29,58,0
209,831,1
231,104,1
832,833,1
274,254,0
213,41,1
202,166,0
190,263,1
12,179,1
321,243,0
180,82,0
204,241,1
202,106,1
264,152,0
8,13,1
7,17,0
186,352,0
41,228,1
127,291,1
115,145,1
367,741,0
259,328,0
50,103,1
23,75,0
138,221,0
557,164,1
220,123,1
208,251,1
157,7,1
104,217,1
255,275,1
14,188,0
834,835,1
221,115,0
288,836,0
224,229,1
76,107,0
247,86,1
41,213,1
235,201,1
34,120,0
184,8,1
215,74,0
837,838,1
203,142,0
151,35,0
48,272,1
280,118,1
32,171,0
150,245,0
106,41,0
242,195,0
97,48,1
52,101,0
197,38,0
94,172,1
21,331,0
352,244,1
446,499,0
839,840,1
841,842,1
54,108,1
285,94,1
203,277,0
235,62,1
288,263,0
843,844,0
169,277,0
107,757,1
194,141,0
172,11,0
223,90,0
271,153,1
53,84,1
58,92,1
845,846,1
205,237,0
847,848,1
70,98,0
101,245,1
328,111,1
194,89,0
74,134,1
222,73,1
96,287,1
120,134,0
849,328,1
189,256,0
273,119,0
233,183,1
56,63,0
331,75,0
80,116,1
818,422,0
46,153,1
137,120,1
185,183,0
84,205,0
80,7,0
145,269,1
13,131,0
824,850,0
56,194,0
237,12,0
186,380,0
114,186,1
161,155,1
62,156,1
155,25,0
23,40,0
182,103,1
254,234,1
119,131,1
251,66,0
207,131,1
222,32,1
50,0,1
188,190,1
120,98,0
91,230,1
851,852,1
117,120,1
101,77,1
224,63,0
108,234,1
9,152,0
853,854,0
66,101,1
97,122,1
188,208,0
215,855,0
20,19,1
212,120,1
222,276,1
189,255,0
240,59,1
112,306,0
269,303,1
185,72,0
277,153,1
25,0,1
89,241,1
55,10,1
740,710,0
98,25,0
7,260,0
352,189,1
43,161,0
840,856,0
20,101,1
398,857,1
30,141,0
110,92,1
98,150,1
51,62,0
162,159,0
25,105,1
408,83,0
858,859,0
90,292,1
818,514,0
119,19,1
87,272,0
36,165,0
247,68,1
84,173,0
10,72,0
93,204,1
99,165,0
33,331,1
255,292,0
162,87,1
233,291,1
186,243,1
236,96,0
87,245,0
860,861,1
266,409,1
172,106,1
86,264,0
233,80,1
174,22,0
107,180,1
306,230,1
31,145,1
39,68,1
99,44,1
77,59,1
80,34,1
30,115,0
98,139,1
35,24,0
141,151,1
189,186,0
277,132,1
108,292,1
46,66,0
45,54,0
354,469,0
109,8,1
573,862,1
37,519,0
863,864,0
303,213,0
184,170,1
115,190,1
242,88,1
317,265,0
63,291,1
101,260,1
166,321,1
172,228,0
115,106,1
105,321,1
133,69,0
318,274,1
270,248,1
197,289,1
477,834,0
380,3,0
639,865,0
95,231,1
191,138,0
211,202,0
205,328,0
321,34,1
161,152,1
166,141,0
228,15,0
113,269,1
240,75,0
56,194,0
272,109,0
292,40,1
866,393,0
86,322,1
42,241,1
272,274,1
189,47,0
408,132,1
179,243,0
154,173,0
241,83,0
215,117,0
223,119,1
186,68,1
10,31,1
419,867,1
15,328,1
16,11,1
82,184,0
205,15,0
184,62,1
463,259,1
868,448,1
269,113,0
93,306,1
204,212,0
307,271,0
9,120,1
77,93,0
12,61,0
275,189,1
138,57,0
57,246,1
123,179,0
869,870,0
270,68,1
277,114,0
154,107,0
871,872,1
280,126,0
118,139,1
0,70,0
159,208,0
104,143,0
50,185,1
17,10,1
189,171,0
35,188,1
260,35,0
157,151,0
117,13,1
126,157,1
206,93,0
74,76,0
256,116,1
195,873,1
318,224,1
142,271,1
359,43,0
245,155,1
261,26,0
243,80,0
107,22,1
105,264,1
240,102,0
151,80,0
260,58,0
59,40,0
874,875,0
247,145,1
228,331,1
241,126,0
315,876,1
106,151,0
170,270,0
121,30,1
170,260,0
143,331,1
7,105,0
331,75,0
6,243,0
247,144,1
877,878,0
25,208,1
306,122,1
127,271,1
303,26,0
26,127,0
128,41,1
52,154,0
181,231,0
255,36,0
233,232,1
139,2,0
128,220,1
58,116,1
328,88,1
280,30,1
169,24,1
34,181,0
879,880,0
66,157,1
35,1,1
881,675,0
882,883,1
325,756,0
153,127,0
484,727,0
161,141,0
123,271,0
105,106,1
171,96,1
72,24,0
884,885,0
155,13,0
99,12,0
246,77,0
259,380,1
102,144,1
228,83,0
886,887,0
256,59,0
71,70,0
173,22,1
888,889,0
128,187,0
83,140,0
274,2,0
259,142,0
417,265,1
890,161,0
891,867,0
16,246,1
134,43,1
73,287,1
77,11,1
133,89,1
63,10,1
248,43,0
270,81,0
6,213,0
892,893,0
261,69,0
144,41,1
111,13,1
103,222,0
166,46,1
260,222,0
143,81,1
189,224,0
159,77,0
234,85,0
145,121,0
3,357,1
6,41,0
220,67,0
144,90,0
23,256,1
174,224,1
11,76,1
179,117,0
292,145,1
208,81,0
205,318,0
422,196,0
72,222,0
156,182,0
208,285,1
204,144,0
300,263,0
242,20,0
205,62,0
234,57,0
51,40,0
22,91,0
1,240,1
62,260,1
63,180,1
145,357,1
139,159,1
82,153,1
241,45,0
260,280,0
894,895,1
106,128,0
380,287,1
896,897,0
100,32,0
898,899,0
232,47,0
284,900,0
60,47,0
42,204,0
22,46,1
55,42,1
314,901,0
55,328,0
902,903,0
132,155,1
58,217,1
107,33,0
9,26,0
246,169,0
523,904,0
101,331,1
190,817,0
905,906,0
15,91,0
228,143,0
224,323,0
318,181,1
182,121,0
51,277,0
49,41,1
104,143,0
269,61,0
57,380,1
161,235,0
104,277,0
907,908,1
380,134,1
380,181,1
31,139,1
207,2,0
243,216,1
62,85,0
195,32,0
59,151,1
229,100,0
140,155,1
463,209,0
44,187,0
165,159,1
254,296,1
113,189,1
215,248,1
99,108,0
82,359,1
103,133,0
126,187,1
296,287,1
217,23,0
82,56,1
359,296,0
105,89,1
150,142,0
173,323,0
251,108,1
244,110,0
174,244,1
265,358,1
251,90,1
251,154,0
8,107,1
53,182,0
557,367,1
89,172,1
235,108,1
46,207,1
55,158,0
133,318,1
205,114,0
17,131,1
97,54,0
131,84,1
88,247,0
359,30,1
909,910,1
817,34,1
185,56,1
150,93,0
101,202,1
61,142,1
35,260,1
142,155,1
26,233,0
860,477,1
94,13,1
16,318,1
492,99,1
123,166,0
53,143,1
208,18,1
380,222,1
3,51,1
132,66,0
264,127,0
244,275,0
25,86,1
54,68,1
134,48,0
161,306,0
248,277,0
261,49,0
0,159,0
245,248,1
232,71,0
188,235,1
90,36,1
271,224,1
70,357,1
157,180,1
52,8,0
153,93,0
113,24,1
46,291,1
213,63,1
69,212,0
911,912,0
84,216,0
280,248,1
104,212,0
97,80,1
913,914,0
186,12,0
16,264,1
150,3,0
43,272,1
296,116,1
99,121,0
306,194,1
152,237,1
206,68,1
271,248,1
82,247,1
212,202,1
20,321,1
260,157,0
191,300,0
122,103,0
50,287,1
110,77,1
94,262,0
432,455,0
93,321,1
465,915,1
229,98,0
274,21,0
172,57,0
128,232,1
36,233,0
251,179,1
916,917,0
134,70,0
229,328,0
296,285,0
203,275,0
2,233,1
253,190,0
205,115,0
244,154,0
357,93,0
222,261,1
116,58,0
3,134,1
202,62,1
222,158,0
122,62,1
58,307,1
59,33,0
132,32,0
578,571,1
140,154,0
104,99,0
173,131,1
133,275,1
918,919,1
21,95,0
162,171,0
234,213,0
186,104,1
292,248,1
66,50,1
109,234,1
920,921,0
220,200,1
14,69,0
75,6,1
17,256,1
132,86,1
922,923,1
152,256,0
924,272,0
292,184,1
80,133,1
211,51,0
121,26,1
123,229,1
183,70,0
83,185,1
173,26,1
208,18,0
228,73,0
117,233,0
17,213,0
357,222,0
271,215,1
0,102,0
296,318,1
62,261,1
152,256,1
55,189,1
280,36,1
244,287,0
220,58,0
159,85,1
274,162,0
151,56,1
380,31,1
270,236,1
212,276,0
212,47,1
29,86,1
274,195,0
12,233,1
9,17,0
142,10,1
44,189,1
211,143,0
110,75,0
242,166,1
97,303,1
26,48,0
14,60,0
276,107,0
925,926,0
296,14,0
275,115,0
224,87,1
425,927,1
251,89,0
243,285,1
928,295,0
244,134,0
855,817,0
88,255,1
44,170,0
188,134,0
154,106,1
273,11,0
929,622,0
52,75,0
140,306,1
211,106,0
93,10,1
264,274,1
213,116,1
930,931,0
277,25,0
114,272,1
157,230,1
296,206,0
195,77,0
237,159,1
932,515,0
216,3,1
24,56,0
306,90,0
933,934,0
166,105,1
41,68,1
140,40,1
41,95,1
935,936,0
220,56,0
937,938,0
109,203,1
142,230,1
138,260,0
108,100,1
81,230,1
128,114,1
186,155,1
58,220,1
85,155,1
31,153,0
51,202,1
113,156,1
56,58,0
166,61,1
131,195,0
412,533,1
270,91,1
111,150,1
114,264,1
939,940,1
101,73,1
123,30,0
61,49,0
359,188,0
236,224,0
217,33,0
127,120,1
243,126,1
44,292,0
280,50,1
60,121,1
42,86,1
261,44,0
941,942,0
182,23,1
152,117,0
82,128,0
42,23,0
758,943,1
112,132,1
61,54,0
200,208,0
77,246,1
53,241,1
944,945,1
409,455,1
47,35,1
352,62,1
561,946,0
16,231,0
57,194,1
180,331,0
19,323,0
203,98,0
189,107,0
100,51,0
187,307,1
19,50,1
202,166,0
24,18,0
408,182,0
47,109,0
280,275,1
237,113,0
104,133,0
89,1,1
105,133,1
419,362,1
296,106,1
155,120,1
140,321,1
170,254,0
55,161,0
947,948,0
52,275,1
26,94,0
264,0,0
61,105,0
188,21,1
144,194,1
216,254,1
188,56,1
186,54,0
6,22,0
94,245,0
62,113,1
557,281,0
203,61,0
359,155,0
54,285,0
43,67,1
287,6,1
228,211,1
49,169,1
55,11,0
408,158,0
105,357,1
23,264,1
49,35,1
92,187,0
323,11,1
52,94,1
228,241,0
212,77,0
68,261,0
264,47,0
215,42,0
109,307,1
172,273,0
138,111,0
362,949,1
280,51,1
13,243,0
62,152,0
100,169,1
120,15,0
20,76,1
903,950,1
105,99,1
141,120,1
108,95,1
44,18,0
256,43,0
331,259,0
381,951,0
115,189,1
169,112,1
137,234,1
93,98,1
42,232,0
211,296,0
18,56,1
224,156,1
0,7,0
296,357,1
502,816,0
206,255,1
77,30,0
174,153,0
952,953,0
229,203,0
137,273,1
280,59,1
954,955,1
126,91,1
242,47,0
956,957,1
122,174,1
958,235,0
57,54,0
119,242,1
959,960,0
101,188,0
28,961,1
328,105,1
56,223,0
151,99,1
303,159,1
132,188,1
328,67,1
80,303,1
626,962,0
264,208,0
138,259,0
90,270,1
274,62,0
72,137,0
963,964,0
254,18,1
215,84,0
44,80,0
115,169,1
110,220,1
57,162,1
139,260,0
37,266,1
128,63,1
190,14,0
194,99,1
224,247,0
47,74,1
86,128,0
965,966,1
187,307,1
80,172,1
287,44,0
144,408,0
272,111,0
6,53,0
48,16,1
738,182,0
60,185,1
34,119,0
261,139,0
144,221,1
233,154,1
864,863,0
169,70,0
157,62,1
58,95,1
380,96,1
316,514,1
35,74,0
292,68,1
66,213,0
195,667,1
53,72,1
323,62,1
232,25,0
216,245,0
161,90,1
54,107,1
243,217,1
524,967,1
57,3,1
202,161,0
154,202,1
171,161,1
186,201,0
154,157,1
30,242,1
271,35,0
318,107,0
380,183,1
122,63,0
32,51,1
39,352,1
380,230,1
182,7,0
207,80,0
186,39,0
968,969,0
318,41,1
259,235,0
194,36,1
145,90,0
229,296,0
108,306,1
86,57,0
32,202,1
228,208,0
33,242,1
970,971,0
499,417,1
171,183,1
83,29,0
100,154,0
95,243,1
271,62,1
223,121,1
143,32,1
90,144,1
105,90,1
181,306,0
118,204,1
245,114,0
66,101,0
134,150,1
194,23,0
526,575,0
68,8,0
85,35,0
332,972,1
49,3,0
18,92,1
51,244,0
44,173,0
331,241,1
128,156,1
971,973,1
18,7,1
134,76,1
749,974,0
97,248,1
42,22,0
292,46,1
153,85,0
243,93,1
44,174,1
256,52,0
169,104,0
83,59,1
85,171,0
152,233,0
272,318,1
106,46,0
84,110,0
171,23,1
54,11,1
32,127,0
236,104,1
105,174,1
133,2,1
228,108,0
144,380,1
55,154,0
96,42,1
975,281,0
80,138,1
53,237,1
166,296,1
106,203,0
976,423,1
46,212,1
200,119,0
10,55,1
126,246,1
205,261,1
273,106,1
221,169,1
13,194,0
72,119,0
154,231,1
95,134,0
132,48,0
977,978,1
144,104,1
1,101,0
116,121,0
264,63,0
213,222,1
246,73,0
979,542,0
231,230,1
980,113,0
981,451,0
982,983,0
126,183,1
235,152,1
126,232,1
215,262,1
108,13,1
56,110,0
113,254,1
112,152,1
83,256,1
291,97,0
187,201,1
76,231,1
527,824,1
102,233,0
132,318,1
107,268,1
142,22,0
150,0,1
115,22,1
203,106,1
191,984,0
85,274,1
13,217,1
169,120,1
155,83,0
14,211,1
514,367,1
14,134,0
235,116,1
94,116,1
63,261,1
26,237,1
417,447,0
108,206,1
35,162,1
53,154,1
303,62,1
261,137,0
32,96,0
231,408,1
47,212,0
41,73,0
138,67,1
172,41,0
45,246,1
137,144,0
161,206,1
49,183,1
30,53,0
132,134,0
985,986,0
15,101,1
190,97,0
108,17,1
276,71,0
42,69,0
877,445,1
87,119,0
987,693,0
165,166,0
54,194,1
120,245,0
988,989,1
104,105,0
139,95,0
157,132,1
261,251,0
173,15,1
33,31,1
233,359,1
118,259,0
100,380,1
33,100,1
150,143,0
117,139,1
280,117,0
59,52,0
20,97,1
144,97,0
142,63,1
263,253,0
184,72,1
116,182,0
114,240,1
280,0,1
157,151,1
17,18,0
990,991,1
206,1,1
152,9,0
331,93,0
14,217,1
241,47,0
992,572,0
162,138,1
128,143,1
96,128,1
117,77,1
98,117,1
111,240,0
179,133,0
29,228,1
133,103,1
95,118,0
50,7,0
222,273,1
96,33,1
993,994,0
162,6,1
247,151,1
200,217,1
16,123,1
205,261,1
995,996,0
32,54,0
200,150,0
318,9,0
997,998,1
328,251,0
999,596,1
89,235,1
47,357,1
68,60,0
41,109,0
171,352,1
12,108,1
232,52,0
272,7,1
254,331,1
224,156,1
187,77,1
1000,845,0
189,95,0
2,122,1
182,255,0
222,202,1
72,85,1
211,50,0
41,99,1
216,213,1
115,109,0
271,34,1
18,69,1
67,99,0
231,307,1
53,40,1
137,30,1
289,455,1
6,188,0
24,243,0
835,298,0
259,318,1
50,109,1
166,105,0
117,107,1
103,30,0
303,90,0
187,13,1
194,92,1
34,36,0
99,88,0
77,76,1
9,128,0
207,101,0
92,103,0
408,244,1
172,264,1
190,15,0
139,70,0
84,17,0
166,121,1
1001,1002,0
380,243,1
56,34,0
251,70,1
163,316,0
82,34,1
25,206,1
165,189,1
61,357,1
86,19,1
296,254,1
30,98,0
86,277,0
80,0,1
188,271,0
117,352,1
87,208,0
260,156,1
1003,1004,1
307,162,0
42,145,0
108,236,1
1005,1006,0
1007,1008,0
182,173,0
169,127,0
216,10,1
1009,1010,0
19,107,0
69,202,1
0,228,0
1011,921,0
59,170,1
121,105,1
32,208,0
1012,1013,0
50,30,1
321,41,0
273,140,1
330,358,1
60,230,1
224,169,1
323,71,1
222,158,1
174,26,1
1014,1015,1
173,273,0
82,173,1
101,205,1
203,184,0
296,241,1
181,248,1
303,173,0
30,194,0
30,173,0
318,256,0
237,159,1
123,145,0
113,200,1
153,215,0
185,158,0
97,247,0
123,104,0
255,69,0
153,62,0
25,111,0
181,275,0
231,110,0
185,47,0
276,170,1
246,15,0
143,11,1
277,224,1
49,256,0
7,47,0
119,271,1
73,235,1
119,16,0
161,62,1
14,180,1
90,112,1
110,8,1
69,40,1
106,19,1
77,105,1
166,352,1
145,186,0
272,275,1
244,132,0
126,182,1
292,11,1
1016,1017,0
1,321,0
62,24,1
256,41,0
881,332,0
16,17,0
206,274,1
182,179,1
118,104,1
95,244,1
42,159,0
76,183,1
61,224,1
9,45,1
133,285,1
208,67,1
228,84,1
134,261,1
236,158,0
139,61,0
1018,1019,0
20,1,1
35,51,1
380,195,1
141,287,1
260,22,0
972,1020,0
29,133,1
271,113,0
29,73,0
138,208,0
105,90,1
25,42,1
55,242,1
108,117,0
1021,1022,1
45,58,1
48,86,1
151,59,1
306,133,0
117,90,0
161,189,1
285,107,0
205,100,1
1023,1024,0
25,260,1
105,94,1
7,296,1
161,229,1
247,292,1
701,282,0
322,138,0
328,67,1
95,97,0
62,41,0
211,269,0
75,46,1
182,10,1
49,179,0
120,323,0
103,207,1
221,137,0
23,58,1
5,1025,0
13,145,0
108,83,0
145,166,0
254,133,0
245,0,1
30,0,1
60,162,1
269,45,1
7,13,1
224,291,0
274,105,0
185,242,0
325,1026,1
132,14,0
498,438,1
8,46,0
111,114,0
62,123,1
511,1027,0
229,33,0
205,114,0
151,285,1
183,104,0
71,240,0
189,93,0
128,306,1
24,87,1
1028,1029,1
140,117,0
1030,1031,0
123,49,0
201,71,0
161,236,1
18,8,0
145,121,0
156,292,0
208,171,0
224,161,0
224,2,0
120,90,0
42,157,0
269,172,1
105,189,1
235,61,0
101,76,0
237,159,0
1032,1033,0
10,204,1
1034,1035,1
43,132,0
227,1036,0
112,93,0
143,273,1
377,334,0
1037,1038,1
115,54,0
44,100,0
133,117,1
1039,1040,0
273,15,0
74,181,1
95,91,0
145,88,1
44,216,0
873,1041,1
108,150,1
122,85,0
159,296,0
287,242,0
232,357,1
206,273,0
169,115,0
73,241,1
105,277,0
51,206,1
83,260,1
63,45,1
296,152,1
48,90,0
119,60,1
123,0,0
26,246,0
86,255,0
88,137,0
1042,1043,0
56,138,1
1044,1045,0
137,272,0
99,68,1
174,292,0
109,68,1
186,215,1
102,14,1
127,97,1
138,134,0
273,173,0
243,72,0
84,14,0
1046,911,1
73,89,1
102,165,1
170,24,0
1047,1048,1
158,57,1
1049,1050,0
44,166,0
154,6,1
215,105,0
118,57,0
190,237,1
102,243,1
181,55,0
32,71,0
276,140,0
240,221,0
73,104,0
190,121,0
105,52,1
1051,160,1
54,331,1
11,69,0
41,75,0
20,139,1
1052,195,0
240,14,1
140,59,1
287,190,1
112,274,1
14,109,0
1053,1054,1
203,156,1
233,59,1
82,273,1
1055,1056,1
96,158,1
116,94,0
151,104,0
194,112,1
60,131,0
101,93,0
35,2,0
71,243,0
19,105,0
73,254,1
140,256,1
12,254,1
110,100,1
232,151,0
45,57,0
157,73,1
11,103,0
29,184,1
39,107,1
94,7,0
235,233,0
246,34,1
241,11,0
202,60,1
277,84,1
208,18,0
291,94,1
222,26,1
49,206,0
287,291,1
9,117,0
254,25,0
203,106,1
99,55,1
60,32,0
273,111,0
203,275,0
271,89,0
19,66,0
155,76,0
209,1057,1
2,200,1
140,188,0
90,26,1
131,16,0
61,207,1
1058,1059,0
107,10,1
141,318,1
357,133,0
140,194,0
91,17,1
139,8,0
123,40,0
57,248,1
204,43,0
203,26,1
126,11,1
275,141,0
380,272,0
190,134,0
1060,1061,1
42,242,0
165,321,1
246,292,0
24,41,0
230,33,0
166,122,1
241,90,0
242,318,0
156,150,1
97,49,0
179,276,1
152,165,0
62,228,1
357,74,0
182,188,1
118,123,1
17,66,1
296,18,0
237,85,0
201,150,1
870,1062,0
1063,1064,1
93,213,0
18,74,0
180,211,1
83,106,1
57,59,1
70,123,1
150,200,1
181,155,0
91,103,1
274,42,1
244,173,0
247,50,0
201,10,0
49,259,1
180,134,0
323,6,1
40,98,0
26,49,0
140,273,0
29,190,1
1065,1066,0
1067,638,1
380,116,1
155,318,0
264,62,1
90,31,1
102,200,1
901,999,0
144,359,1
110,216,1
128,112,1
15,105,1
97,51,1
215,223,0
120,49,0
46,12,1
738,1068,1
1,331,1
59,307,1
83,42,1
158,115,1
77,111,0
102,276,0
201,8,0
62,162,1
142,25,0
269,182,1
1069,1070,0
241,21,0
75,221,1
783,328,0
144,18,1
49,161,1
16,127,0
63,14,1
122,151,0
328,182,1
328,126,1
166,237,1
71,237,0
68,245,1
280,271,0
157,55,1
194,57,1
194,188,1
59,20,0
1071,1072,1
150,107,0
224,8,0
618,1073,0
234,246,0
110,380,1
519,446,1
187,242,1
1074,732,0
241,32,0
245,141,0
31,116,1
102,170,1
307,114,0
202,31,1
1,46,0
211,62,0
260,99,1
260,359,1
169,36,0
317,783,0
102,138,1
120,179,0
72,408,0
83,248,1
205,58,0
1075,1076,0
213,202,1
401,322,1
53,270,1
17,55,1
50,132,0
1077,1078,0
296,137,0
7,103,1
285,162,1
208,120,1
9,200,1
221,122,1
97,85,1
103,115,0
22,41,0
727,626,1
174,16,0
200,323,0
244,8,0
32,230,1
352,230,1
131,94,1
184,306,1
1079,1080,1
67,142,0
359,270,1
241,102,0
194,134,0
321,189,1
208,42,1
23,141,0
185,106,0
205,35,0
10,62,1
1046,1081,1
112,186,0
36,292,0
42,173,0
264,207,0
87,118,0
97,173,0
11,72,1
216,51,1
195,48,1
13,157,0
234,93,0
224,57,0
318,260,0
69,200,1
244,74,0
51,183,1
3,13,1
201,261,1
88,9,1
41,220,1
152,91,0
273,137,1
244,245,0
244,143,0
112,2,0
272,359,1
171,8,0
35,204,1
331,103,1
139,328,0
107,1082,1
291,141,0
83,246,1
1083,1084,0
117,61,1
287,106,1
92,323,0
157,14,1
260,51,1
41,154,1
20,138,1
118,1,1
114,201,0
194,111,1
215,235,0
208,180,1
236,208,0
244,187,0
197,741,1
277,328,1
234,45,0
128,153,1
183,187,0
98,242,1
140,39,0
195,126,0
248,170,1
115,90,0
86,23,0
849,282,1
99,171,0
447,328,0
91,110,0
212,246,1
85,13,1
291,194,0
166,108,0
1085,1086,0
188,287,1
8,181,1
67,51,1
112,359,1
6,103,0
1087,1088,0
223,110,0
91,207,1
1089,1090,1
134,107,0
1091,1092,1
117,254,1
150,212,0
186,170,1
331,74,0
107,60,1
35,352,1
203,31,1
49,1093,1
208,245,1
71,291,1
212,30,1
269,84,1
117,56,1
180,2,1
81,145,1
42,34,0
251,142,1
69,102,1
222,157,1
182,208,0
121,256,1
1094,1095,1
133,84,1
180,203,0
40,256,1
904,1096,1
67,15,0
69,276,1
76,153,1
115,40,1
87,89,0
157,221,1
63,76,0
74,359,1
296,408,1
1097,1098,1
194,26,1
76,88,1
323,187,0
91,318,1
152,33,0
240,80,0
42,103,0
285,117,1
80,85,1
69,131,1
1,232,1
86,236,0
180,46,0
321,133,0
123,70,0
331,90,0
134,59,1
303,26,1
84,62,0
10,229,1
161,134,1
93,24,1
40,99,1
789,1099,0
62,357,1
401,262,1
42,19,0
190,271,0
1100,547,0
15,241,1
234,45,0
323,201,1
1101,1102,1
8,280,0
104,221,0
196,281,0
162,380,0
236,84,0
117,184,0
359,321,1
49,203,0
62,184,0
251,52,1
44,8,0
13,222,0
14,85,0
18,331,1
138,270,0
102,142,0
36,116,1
1103,1104,0
1105,1106,0
1107,580,1
223,207,1
44,144,0
174,270,0
233,23,1
359,41,0
51,292,0
76,69,0
30,307,0
243,51,1
328,184,0
137,152,1
66,50,1
221,97,0
10,54,0
221,174,1
1108,1109,0
259,231,1
62,119,0
217,62,0
280,121,1
137,131,1
1110,1111,0
60,287,1
67,30,0
285,102,0
3,47,0
202,161,0
422,701,1
256,202,1
133,31,1
255,166,0
380,101,0
271,241,1
26,195,0
95,101,0
93,59,1
41,140,0
1112,1113,0
267,1114,0
88,43,0
24,99,0
359,55,1
16,29,1
41,88,1
99,128,0
272,205,1
94,291,0
292,754,1
272,123,1
212,180,1
134,157,1
261,9,0
57,270,1
106,25,0
264,169,0
42,180,0
295,233,1
109,153,1
137,47,1
612,1115,1
165,155,1
291,69,0
112,241,1
108,277,0
236,70,0
82,76,0
169,85,0
100,254,0
23,114,0
391,511,0
7,287,0
52,115,0
22,23,0
2,119,0
171,181,1
102,85,1
236,57,0
73,255,1
72,241,1
76,232,1
11,231,0
118,273,1
58,248,1
58,139,1
247,109,1
57,54,1
296,40,0
190,107,0
110,82,0
66,331,1
499,164,0
97,174,0
75,10,1
1116,1117,0
179,212,0
122,90,0
1118,363,0
89,321,1
74,50,0
131,54,0
114,222,1
215,292,0
188,10,1
160,195,0
173,236,1
242,202,1
76,117,0
194,39,1
648,1119,1
200,307,1
491,935,1
48,205,1
117,114,0
328,317,0
49,123,1
221,224,1
80,103,1
170,56,0
1120,1121,0
352,186,1
828,330,0
241,29,0
58,244,1
76,256,1
229,207,0
321,213,0
73,181,1
203,15,1
137,285,0
59,137,0
462,604,0
32,189,1
22,408,1
105,271,1
26,242,1
1122,1123,1
95,224,1
72,55,1
43,81,0
254,89,0
61,7,1
18,133,0
237,33,0
1124,1125,1
0,247,0
56,107,0
1126,1127,1
557,499,1
85,216,1
292,306,0
328,240,1
62,195,1
84,56,1
121,173,1
74,145,1
359,133,0
9,12,0
70,159,1
76,248,1
23,274,1
288,191,0
874,622,0
1128,1129,1
143,68,1
8,72,0
240,103,1
112,2,0
9,251,1
1130,1131,1
190,143,0
166,6,1
86,14,0
242,306,0
188,142,0
328,447,1
1132,1133,0
54,114,0
270,170,1
18,318,0
18,94,1
36,101,0
357,328,0
380,188,1
1134,1135,0
318,123,1
23,182,0
15,14,1
224,74,0
183,118,0
30,291,0
273,152,0
1,230,0
182,141,0
105,10,1
1136,579,1
134,161,0
159,61,0
75,212,0
96,207,1
138,61,0
318,15,0
59,180,0
166,318,1
276,72,0
248,217,1
272,19,1
145,237,1
141,229,1
203,318,1
94,103,1
172,109,0
1137,1138,1
204,71,1
85,32,0
10,280,0
88,189,0
867,1139,1
110,255,1
185,276,0
1140,1141,1
408,142,0
1142,1143,0
110,11,1
1144,1145,1
291,87,1
422,417,0
76,280,1
60,1,1
203,14,0
296,202,1
3,224,1
213,159,1
235,117,0
138,69,0
154,59,1
819,1146,1
50,32,0
111,277,0
904,463,1
401,1147,0
246,260,0
184,55,1
359,31,0
59,158,0
44,45,0
153,292,0
222,30,1
185,113,0
117,23,1
54,111,1
184,307,1
11,233,0
455,557,0
306,13,1
96,181,1
240,91,1
157,287,1
502,1148,0
236,285,0
128,144,1
236,40,0
256,9,1
1149,474,0
180,69,0
82,150,1
30,85,1
251,119,0
207,216,0
93,20,1
270,156,0
296,285,0
259,260,1
151,114,0
182,285,0
223,15,0
201,212,0
51,139,0
183,139,0
102,264,1
159,13,0
1150,727,0
95,12,0
114,1,1
270,70,0
126,113,1
1151,1152,1
40,220,1
30,137,0
34,13,0
290,849,0
182,233,0
321,34,1
43,244,1
1153,1154,0
386,96,0
67,1,0
1,206,0
115,307,1
90,56,1
352,137,1
56,236,0
90,6,1
11,573,0
143,34,1
74,116,1
85,222,0
39,181,1
162,43,0
144,99,1
86,401,1
142,274,1
121,236,1
88,35,1
1155,1156,1
234,170,1
222,3,1
204,188,0
307,243,0
296,99,0
126,158,1
88,100,0
144,29,1
52,12,0
141,169,1
101,110,1
234,110,0
1157,1158,0
70,200,1
70,74,0
328,271,1
17,75,0
110,75,1
296,23,0
240,138,1
165,224,1
110,231,1
163,557,0
828,282,1
61,143,1
201,166,0
158,42,1
0,97,0
318,62,1
189,88,0
116,72,0
288,262,1
241,15,0
269,75,0
49,29,1
1159,1160,0
432,367,0
115,106,1
180,189,1
138,127,0
50,120,1
8,86,0
31,285,1
126,331,1
45,103,1
186,62,1
159,200,1
67,15,0
194,159,1
132,287,1
62,128,0
154,259,0
100,271,0
77,161,0
94,159,1
328,182,1
194,247,0
58,138,1
768,614,0
255,259,0
174,220,1
292,220,1
285,195,1
221,212,0
144,17,1
245,53,0
877,1161,1
49,67,1
162,246,1
277,24,1
24,277,0
582,1162,1
181,77,0
49,30,1
1163,1164,1
255,331,1
330,728,0
153,45,0
141,49,1
229,287,0
224,73,0
56,142,0
138,104,0
208,224,1
69,59,1
105,36,0
701,281,0
208,137,1
71,165,0
271,45,1
276,44,0
1165,1166,1
170,109,0
15,115,1
20,6,1
90,242,1
307,162,0
30,243,0
31,97,0
9,23,0
306,20,0
100,271,1
1167,820,0
1168,663,0
58,100,1
280,90,1
479,799,1
1169,1170,0
82,182,1
240,91,0
232,189,1
81,123,1
171,215,1
1171,1001,0
213,272,1
233,275,1
248,45,0
447,514,1
264,122,0
217,83,0
269,35,0
139,240,1
260,140,0
86,92,1
32,9,0
33,20,0
180,54,0
